Section,Checklist,TaskPrompt,ArtifactPrompt,ExecutionPromptsDir
01_Planning,C:\Rental Docs\Completed Research\.CHECKLISTS\Planning_Master_Checklist.md,C:\Rental Docs\Completed Research\.PROMPTS\TASK_MAPPED_PROMPT_PACK\01_Planning\01_Planning_Task_Completion_Prompt.md,C:\Rental Docs\Completed Research\.PROMPTS\TASK_MAPPED_PROMPT_PACK\01_Planning\01_Planning_Artifact_Generation_Prompt.md,C:\Rental Docs\Completed Research\.PROMPTS\TASK_MAPPED_PROMPT_PACK\01_Planning
02_Property_Design,C:\Rental Docs\Completed Research\.CHECKLISTS\Property_Design_Master_Checklist.md,C:\Rental Docs\Completed Research\.PROMPTS\TASK_MAPPED_PROMPT_PACK\02_Property_Design\02_Property_Design_Task_Completion_Prompt.md,C:\Rental Docs\Completed Research\.PROMPTS\TASK_MAPPED_PROMPT_PACK\02_Property_Design\02_Property_Design_Artifact_Generation_Prompt.md,C:\Rental Docs\Completed Research\.PROMPTS\TASK_MAPPED_PROMPT_PACK\02_Property_Design
03_Furnishing_Procurement,C:\Rental Docs\Completed Research\.CHECKLISTS\Furnishing_Procurement_Master_Checklist.md,C:\Rental Docs\Completed Research\.PROMPTS\TASK_MAPPED_PROMPT_PACK\03_Furnishing_Procurement\03_Furnishing_Procurement_Task_Completion_Prompt.md,C:\Rental Docs\Completed Research\.PROMPTS\TASK_MAPPED_PROMPT_PACK\03_Furnishing_Procurement\03_Furnishing_Procurement_Artifact_Generation_Prompt.md,C:\Rental Docs\Completed Research\.PROMPTS\TASK_MAPPED_PROMPT_PACK\03_Furnishing_Procurement
04_Setup_Execution,C:\Rental Docs\Completed Research\.CHECKLISTS\Setup_Execution_Master_Checklist.md,C:\Rental Docs\Completed Research\.PROMPTS\TASK_MAPPED_PROMPT_PACK\04_Setup_Execution\04_Setup_Execution_Task_Completion_Prompt.md,C:\Rental Docs\Completed Research\.PROMPTS\TASK_MAPPED_PROMPT_PACK\04_Setup_Execution\04_Setup_Execution_Artifact_Generation_Prompt.md,C:\Rental Docs\Completed Research\.PROMPTS\TASK_MAPPED_PROMPT_PACK\04_Setup_Execution
05_Operations,C:\Rental Docs\Completed Research\.CHECKLISTS\Operations_Master_Checklist.md,C:\Rental Docs\Completed Research\.PROMPTS\TASK_MAPPED_PROMPT_PACK\05_Operations\05_Operations_Task_Completion_Prompt.md,C:\Rental Docs\Completed Research\.PROMPTS\TASK_MAPPED_PROMPT_PACK\05_Operations\05_Operations_Artifact_Generation_Prompt.md,C:\Rental Docs\Completed Research\.PROMPTS\TASK_MAPPED_PROMPT_PACK\05_Operations
06_Guest_Experience,C:\Rental Docs\Completed Research\.CHECKLISTS\Guest_Experience_Master_Checklist.md,C:\Rental Docs\Completed Research\.PROMPTS\TASK_MAPPED_PROMPT_PACK\06_Guest_Experience\06_Guest_Experience_Task_Completion_Prompt.md,C:\Rental Docs\Completed Research\.PROMPTS\TASK_MAPPED_PROMPT_PACK\06_Guest_Experience\06_Guest_Experience_Artifact_Generation_Prompt.md,C:\Rental Docs\Completed Research\.PROMPTS\TASK_MAPPED_PROMPT_PACK\06_Guest_Experience
07_Marketing_Listing,C:\Rental Docs\Completed Research\.CHECKLISTS\Marketing_Listing_Master_Checklist.md,C:\Rental Docs\Completed Research\.PROMPTS\TASK_MAPPED_PROMPT_PACK\07_Marketing_Listing\07_Marketing_Listing_Task_Completion_Prompt.md,C:\Rental Docs\Completed Research\.PROMPTS\TASK_MAPPED_PROMPT_PACK\07_Marketing_Listing\07_Marketing_Listing_Artifact_Generation_Prompt.md,C:\Rental Docs\Completed Research\.PROMPTS\TASK_MAPPED_PROMPT_PACK\07_Marketing_Listing
08_Pricing_Revenue,C:\Rental Docs\Completed Research\.CHECKLISTS\Pricing_Revenue_Master_Checklist.md,C:\Rental Docs\Completed Research\.PROMPTS\TASK_MAPPED_PROMPT_PACK\08_Pricing_Revenue\08_Pricing_Revenue_Task_Completion_Prompt.md,C:\Rental Docs\Completed Research\.PROMPTS\TASK_MAPPED_PROMPT_PACK\08_Pricing_Revenue\08_Pricing_Revenue_Artifact_Generation_Prompt.md,C:\Rental Docs\Completed Research\.PROMPTS\TASK_MAPPED_PROMPT_PACK\08_Pricing_Revenue
09_Legal_Compliance,C:\Rental Docs\Completed Research\.CHECKLISTS\Legal_Compliance_Master_Checklist.md,C:\Rental Docs\Completed Research\.PROMPTS\TASK_MAPPED_PROMPT_PACK\09_Legal_Compliance\09_Legal_Compliance_Task_Completion_Prompt.md,C:\Rental Docs\Completed Research\.PROMPTS\TASK_MAPPED_PROMPT_PACK\09_Legal_Compliance\09_Legal_Compliance_Artifact_Generation_Prompt.md,C:\Rental Docs\Completed Research\.PROMPTS\TASK_MAPPED_PROMPT_PACK\09_Legal_Compliance
10_Maintenance,C:\Rental Docs\Completed Research\.CHECKLISTS\Maintenance_Master_Checklist.md,C:\Rental Docs\Completed Research\.PROMPTS\TASK_MAPPED_PROMPT_PACK\10_Maintenance\10_Maintenance_Task_Completion_Prompt.md,C:\Rental Docs\Completed Research\.PROMPTS\TASK_MAPPED_PROMPT_PACK\10_Maintenance\10_Maintenance_Artifact_Generation_Prompt.md,C:\Rental Docs\Completed Research\.PROMPTS\TASK_MAPPED_PROMPT_PACK\10_Maintenance
11_Analytics_Performance,C:\Rental Docs\Completed Research\.CHECKLISTS\Analytics_Performance_Master_Checklist.md,C:\Rental Docs\Completed Research\.PROMPTS\TASK_MAPPED_PROMPT_PACK\11_Analytics_Performance\11_Analytics_Performance_Task_Completion_Prompt.md,C:\Rental Docs\Completed Research\.PROMPTS\TASK_MAPPED_PROMPT_PACK\11_Analytics_Performance\11_Analytics_Performance_Artifact_Generation_Prompt.md,C:\Rental Docs\Completed Research\.PROMPTS\TASK_MAPPED_PROMPT_PACK\11_Analytics_Performance
